name,institution,course_url,course_id,image_url,Lecturer,Level,Study time,Description
Machine Learning,Stanford University,https://www.coursera.org/learn/machine-learning,machine-learning,https://d3njjcbhbojbot.cloudfront.net/api/utilities/v1/imageproxy/https://s3.amazonaws.com/coursera-course-photos/9c/90ae67ecdb4185a4ae79ec9a5ae0b6/Course-Logo--1.png?auto=format%2Ccompress&dpr=1&w=330&h=330&fit=fill&q=25,"['Aarti Bagul', 'Andrew Ng', 'Geoff Ladwig']",Beginner level,Approx. 33 hours,"What you'll learn
Build machine learning models in Python using popular machine learning libraries NumPy & scikit-learn
Build & train supervised machine learning models for prediction & binary classification tasks, including linear regression & logistic regression"
Indigenous Canada,University of Alberta,https://www.coursera.org/learn/indigenous-canada,indigenous-canada,https://d3njjcbhbojbot.cloudfront.net/api/utilities/v1/imageproxy/https://s3.amazonaws.com/coursera-course-photos/35/01fcc0dd0011e6bfe6e9e792d574eb/Logo.png?auto=format%2Ccompress&dpr=1&w=330&h=330&fit=fill&q=25,['Dr. Paul L. Gareau'],Intermediate level,21 hours to complete,"Skills you'll gain
Art
History
Indigenous Studies
Human Rights and Allyship
Politics"
The Science of Well-Being,Yale University,https://www.coursera.org/learn/the-science-of-well-being,the-science-of-well-being,https://d3njjcbhbojbot.cloudfront.net/api/utilities/v1/imageproxy/https://s3.amazonaws.com/coursera-course-photos/7e/aff5b0f54c11e7b5ae579a0e963c38/Logo_TheScienceofWell-Being.png?auto=format%2Ccompress&dpr=1&w=330&h=330&fit=fill&q=25,['Laurie Santos'],Intermediate level,19 hours to complete,"Skills you'll gain
Gratitude
Happiness
Meditation
Savoring"
Technical Support Fundamentals,Google,https://www.coursera.org/learn/technical-support-fundamentals,technical-support-fundamentals,https://d3njjcbhbojbot.cloudfront.net/api/utilities/v1/imageproxy/https://s3.amazonaws.com/coursera-course-photos/c8/e497f0f1ad11e7acdcffe7a1a68190/Course-Logo-1.jpg?auto=format%2Ccompress&dpr=1&w=320&h=180&fit=crop&q=25&crop=faces,['Google Career Certificates'],Beginner level,Approx. 26 hours,"Skills you'll gain
Binary Code
Customer Support
Linux
Troubleshooting"
Financial Markets,Yale University,https://www.coursera.org/learn/financial-markets-global,financial-markets-global,https://d3njjcbhbojbot.cloudfront.net/api/utilities/v1/imageproxy/https://s3.amazonaws.com/coursera-course-photos/6f/e2514b11a94e01868350b10d65c8a4/Logo_Financial-Markets.png?auto=format%2Ccompress&dpr=1&w=330&h=330&fit=fill&q=25,['Robert Shiller'],Beginner level,33 hours to complete,"Skills you'll gain
Behavioral Finance
Financial Markets
Finance
Behavioral Economics"
Introduction to Psychology,Yale University,https://www.coursera.org/learn/introduction-psychology,introduction-psychology,https://d3njjcbhbojbot.cloudfront.net/api/utilities/v1/imageproxy/https://s3.amazonaws.com/coursera-course-photos/df/cedffaa34d498e965e50e883c5c37d/IMG_0049.jpeg?auto=format%2Ccompress&dpr=1&w=330&h=330&fit=fill&q=25,['Paul Bloom'],Beginner level,Approx. 14 hours,"Skills you'll gain
Critical Thinking
Problem Solving
analytical thinking
abstract thinking
reasoning"
Programming for Everybody (Getting Started with Python),University of Michigan,https://www.coursera.org/learn/python,python,https://d3njjcbhbojbot.cloudfront.net/api/utilities/v1/imageproxy/https://s3.amazonaws.com/coursera-course-photos/08/33f720502a11e59e72391aa537f5c9/pythonlearn_thumbnail_1x1.png?auto=format%2Ccompress&dpr=1&w=330&h=330&fit=fill&q=25,['Charles Russell Severance'],Beginner level,Approx. 18 hours,"What you'll learn
Install Python and write your first program
Describe the basics of the Python programming language
Use variables to store, retrieve and calculate information
Utilize core programming tools such as functions and loops"
The Bits and Bytes of Computer Networking,Google,https://www.coursera.org/learn/computer-networking,computer-networking,https://d3njjcbhbojbot.cloudfront.net/api/utilities/v1/imageproxy/https://s3.amazonaws.com/coursera-course-photos/a4/8734d0f1ad11e7ae1dfb59d4b2b62a/Course-Logo-2.jpg?auto=format%2Ccompress&dpr=1&w=320&h=180&fit=crop&q=25&crop=faces,['Google Career Certificates'],Beginner level,25 hours (approximately),"Skills you'll gain
Domain Name System (DNS)
Ipv4
Network Model
Troubleshooting"
AI For Everyone,DeepLearning.AI,https://www.coursera.org/learn/ai-for-everyone,ai-for-everyone,https://d3njjcbhbojbot.cloudfront.net/api/utilities/v1/imageproxy/https://s3.amazonaws.com/coursera-course-photos/41/763803169e4d31a5e7611bc928124b/Course-Logo.png?auto=format%2Ccompress&dpr=1&w=330&h=330&fit=fill&q=25,['Andrew Ng'],Beginner level,Approx. 6 hours,"Skills you'll gain
Workflow of Machine Learning projects
AI terminology
Workflow of Data Science projects
AI strategy"
Crash Course on Python,Google,https://www.coursera.org/learn/python-crash-course,python-crash-course,https://d3njjcbhbojbot.cloudfront.net/api/utilities/v1/imageproxy/https://s3.amazonaws.com/coursera-course-photos/a1/fd9a9b0f404af6842d49aad8cf141a/Andrew-WA-Thompson-699-1-.jpg?auto=format%2Ccompress&dpr=1&w=265&h=216&fit=crop&q=25,['Google Career Certificates'],Beginner level,Approx. 32 hours,"What you'll learn
Understand what Python is and why Python is relevant to automation
Write short Python scripts to perform automated actions
Understand how to use the basic Python structures: strings, lists, and dictionaries
Create your own Python objects"
Psychological First Aid,Johns Hopkins University,https://www.coursera.org/learn/psychological-first-aid,psychological-first-aid,https://d3njjcbhbojbot.cloudfront.net/api/utilities/v1/imageproxy/https://s3.amazonaws.com/coursera-course-photos/de/e250c02c7f11e4a56e09598f8b6c89/PFA.png?auto=format%2Ccompress&dpr=1&w=330&h=330&fit=fill&q=25,"['George Everly, Jr., PhD']",Intermediate level,6 hours to complete,"Skills you'll gain
Reflective Listening
Active Listening
Crisis Intervention
Psychological First Aid"
Neural Networks and Deep Learning,DeepLearning.AI,https://www.coursera.org/learn/neural-networks-deep-learning,neural-networks-deep-learning,https://d3njjcbhbojbot.cloudfront.net/api/utilities/v1/imageproxy/https://s3.amazonaws.com/coursera-course-photos/c1/16a2fa16b943038f07cd0e4064a25e/Course-logo-1.png?auto=format%2Ccompress&dpr=1&w=330&h=330&fit=fill&q=25,"['Andrew Ng', 'Kian Katanforoosh', 'Younes Bensouda Mourri']",Intermediate level,24 hours (approximately),"Skills you'll gain
Artificial Neural Network
Backpropagation
Python Programming
Deep Learning
Neural Network Architecture"
What is Data Science?,IBM,https://www.coursera.org/learn/what-is-datascience,what-is-datascience,https://d3njjcbhbojbot.cloudfront.net/api/utilities/v1/imageproxy/https://s3.amazonaws.com/coursera-course-photos/16/d602b00a6c11e88d594f951694ab88/Data-Science-Orientation.png?auto=format%2Ccompress&dpr=1&w=330&h=330&fit=fill&q=25,"['Alex Aklson', 'Rav Ahuja']",Beginner level,11 hours (approximately),"What you'll learn
Define data science and its importance in todayâs data-driven world.
Describe the various paths that can lead to a career in data science.
SummarizeÂ  advice given by seasoned data science professionals to data scientists who are just starting out.
Explain why data science is considered the most in-demand job in the 21st century."
Successful Negotiation: Essential Strategies and Skills,University of Michigan,https://www.coursera.org/learn/negotiation-skills,negotiation-skills,https://d3njjcbhbojbot.cloudfront.net/api/utilities/v1/imageproxy/https://s3.amazonaws.com/coursera-course-photos/99/7ab7c00f7b11e79b617dbb2116532d/contractnegotiations_Logo_080814d.jpg?auto=format%2Ccompress&dpr=1&w=330&h=330&fit=fill&q=25,['George Siedel'],Beginner level,17 hours to complete,"What you'll learn
Understand the negotiation strategies and skills necessary for success.
Use a negotiation analysis to prepare for negotiations.
Key psychological tools to achieve success.
Practice negotiations to find out what you do well and how you can improve."
Stanford Introduction to Food and Health,Stanford University,https://www.coursera.org/learn/food-and-health,food-and-health,https://d3njjcbhbojbot.cloudfront.net/api/utilities/v1/imageproxy/https://dade2fwib5xi6.cloudfront.net/XRT53bfBSaaiocekKgONgg.processed/thumbnails/360p/1.jpg?auto=format%2Ccompress&dpr=1&w=330&h=330&fit=fill&q=25,"['Maya Adam, MD']",Beginner level,Approx. 6 hours,"Skills you'll gain
Health Informatics
Nutrition
Food Safety
Food Science"
"HTML, CSS, and Javascript for Web Developers",Johns Hopkins University,https://www.coursera.org/learn/html-css-javascript-for-web-developers,html-css-javascript-for-web-developers,https://d3njjcbhbojbot.cloudfront.net/api/utilities/v1/imageproxy/https://s3.amazonaws.com/coursera-course-photos/83/e258e0532611e5a5072321239ff4d4/jhep-coursera-course4.png?auto=format%2Ccompress&dpr=1&w=330&h=330&fit=fill&q=25,['Yaakov Chaikin'],Intermediate level,8 hours to complete,"Skills you'll gain
HTML
JavaScript
Css Frameworks
Cascading Style Sheets (CSS)"
Excel Skills for Business: Essentials,Macquarie University,https://www.coursera.org/learn/excel-essentials,excel-essentials,https://d3njjcbhbojbot.cloudfront.net/api/utilities/v1/imageproxy/https://s3.amazonaws.com/coursera-course-photos/e9/14e752193046c78641bb4a48a01e57/ICON-1.jpg?auto=format%2Ccompress&dpr=1&w=330&h=330&fit=fill&q=25,"['Dr Prashan S. M. Karunaratne', 'Nicky Bull', 'Professor Yvonne Breyer']",Beginner level,26 hours (approximately),"Skills you'll gain
Graphs
Spreadsheet
Microsoft Excel
Chart"
Learning How to Learn: Powerful mental tools to help you master tough subjects,University of California San Diego,https://www.coursera.org/learn/learning-how-to-learn,learning-how-to-learn,https://d3njjcbhbojbot.cloudfront.net/api/utilities/v1/imageproxy/https://s3.amazonaws.com/coursera-course-photos/eb/bde77b80db4b5784c5106f65b2e81e/Learning-How-to-Learn-Logo.png?auto=format%2Ccompress&dpr=1&w=330&h=330&fit=fill&q=25,"['Dr. Barbara Oakley', 'Dr. Terrence Sejnowski']",Beginner level,15 hours to complete,"Skills you'll gain
Test Preparation
Learning To Learn
Pomodoro Technique
Meta Learning"
Google Cloud Platform Fundamentals: Core Infrastructure,Google Cloud,https://www.coursera.org/learn/gcp-fundamentals,gcp-fundamentals,https://d3njjcbhbojbot.cloudfront.net/api/utilities/v1/imageproxy/https://s3.amazonaws.com/coursera-course-photos/31/8ffb301bf011e79fa2d5b154b6a30b/GCP-Fundamentals-Core-Infra.jpg?auto=format%2Ccompress&dpr=1&w=330&h=330&fit=fill&q=25,['Google Cloud Training'],Beginner level,6 hours (approximately),"What you'll learn
Identify the purpose and value of Google Cloud products and services.
Define how infrastructure is organized and controlled in Google Cloud
Explain how to create a basic infrastructure in Google Cloud
Select and use Google Cloud storage options"
Viral Marketing and How to Craft Contagious Content,University of Pennsylvania,https://www.coursera.org/learn/wharton-contagious-viral-marketing,wharton-contagious-viral-marketing,https://d3njjcbhbojbot.cloudfront.net/api/utilities/v1/imageproxy/https://dade2fwib5xi6.cloudfront.net/vUNmKBgGEeaDwg4FsnAbYw.processed/thumbnails/360p/1.jpg?auto=format%2Ccompress&dpr=1&w=330&h=330&fit=fill&q=25,['Jonah Berger'],Intermediate level,4 hours to complete,"Skills you'll gain
Social Network
Viral Marketing
Marketing
Marketing Strategy"
Python Data Structures,University of Michigan,https://www.coursera.org/learn/python-data,python-data,https://d3njjcbhbojbot.cloudfront.net/api/utilities/v1/imageproxy/https://s3.amazonaws.com/coursera-course-photos/44/2959b0502911e5851f058ad6ebf936/pythondata_thumbnail_1x1.png?auto=format%2Ccompress&dpr=1&w=330&h=330&fit=fill&q=25,['Charles Russell Severance'],Beginner level,Approx. 18 hours,"What you'll learn
Explain the principles of data structures & how they are used
Create programs that are able to read and write data from files
Store data as key/value pairs using Python dictionaries
Accomplish multi-step tasks like sorting or looping using tuples"
First Step Korean,Yonsei University,https://www.coursera.org/learn/learn-korean,learn-korean,https://d3njjcbhbojbot.cloudfront.net/api/utilities/v1/imageproxy/https://s3.amazonaws.com/coursera-course-photos/7b/3030708c3111e5ae965dd3ea8cdc5d/________03.jpg?auto=format%2Ccompress&dpr=1&w=330&h=330&fit=fill&q=25,['Seung Hae Kang'],Beginner level,Approx. 17 hours,"Skills you'll gain
Grammar
Writing
Korean Language
Speech"
"Introduction to TensorFlow for Artificial Intelligence, Machine Learning, and Deep Learning",DeepLearning.AI,https://www.coursera.org/learn/introduction-tensorflow,introduction-tensorflow,https://d3njjcbhbojbot.cloudfront.net/api/utilities/v1/imageproxy/https://s3.amazonaws.com/coursera-course-photos/d7/3480fa43074d91966b7e684f521d72/Course-logo-1.png?auto=format%2Ccompress&dpr=1&w=330&h=330&fit=fill&q=25,['Laurence Moroney'],Intermediate level,Approx. 22 hours,"What you'll learn
Learn best practices for using TensorFlow, a popular open-source machine learning framework
Build a basic neural network in TensorFlow
Train a neural network for a computer vision application
Understand how to use convolutions to improve your neural network"
Operating Systems and You: Becoming a Power User,Google,https://www.coursera.org/learn/os-power-user,os-power-user,https://d3njjcbhbojbot.cloudfront.net/api/utilities/v1/imageproxy/https://s3.amazonaws.com/coursera-course-photos/e1/0e0c80f1ad11e7b6d1f97cbfd7d592/Course-Logo-3.jpg?auto=format%2Ccompress&dpr=1&w=320&h=180&fit=crop&q=25&crop=faces,['Google Career Certificates'],Beginner level,34 hours (approximately),"Skills you'll gain
Powershell
Linux File Systems
Command-Line Interface
Linux"
Tools for Data Science,IBM,https://www.coursera.org/learn/open-source-tools-for-data-science,open-source-tools-for-data-science,https://d3njjcbhbojbot.cloudfront.net/api/utilities/v1/imageproxy/https://s3.amazonaws.com/coursera-course-photos/f4/acffe00bd811e8bfabed507b508fa4/ds0105en-square.png?auto=format%2Ccompress&dpr=1&w=330&h=330&fit=fill&q=25,"['Aije Egwaikhide', 'Romeo Kienzler', 'Svetlana Levitan']",Beginner level,18 hours (approximately),"What you'll learn
Describe the Data Scientistâs tool kit which includes: Libraries & Packages, Data sets, Machine learning models, and Big Data toolsÂ
Utilize languages commonly used by data scientists like Python, R, and SQLÂ
Demonstrate working knowledge of tools such as Jupyter notebooks and RStudio and utilize their various featuresÂ Â
Create and manage source code for data science using Git repositories and GitHub.Â"
"Improving Deep Neural Networks: Hyperparameter tuning, Regularization and Optimization",DeepLearning.AI,https://www.coursera.org/learn/deep-neural-network,deep-neural-network,https://d3njjcbhbojbot.cloudfront.net/api/utilities/v1/imageproxy/https://s3.amazonaws.com/coursera-course-photos/e4/338aaaed464b91b04ddf65c50dd673/Course-logo-2.png?auto=format%2Ccompress&dpr=1&w=330&h=330&fit=fill&q=25,"['Andrew Ng', 'Kian Katanforoosh', 'Younes Bensouda Mourri']",Intermediate level,Approx. 23 hours,"Skills you'll gain
Tensorflow
Deep Learning
hyperparameter tuning
Mathematical Optimization"
Primeros Auxilios Psicológicos (PAP),Universitat Autònoma de Barcelona,https://www.coursera.org/learn/pap,pap,https://d3njjcbhbojbot.cloudfront.net/api/utilities/v1/imageproxy/https://s3.amazonaws.com/coursera-course-photos/e9/4248f0683c11e5b259e33eb6e889a0/logo_PAP_ondem_2.jpg?auto=format%2Ccompress&dpr=1&w=330&h=330&fit=fill&q=25,"['Alicia Ã\x81lvarez', 'Emilia Cruz', 'Ingeborg Porcar']",Intermediate level,15 hours to complete,"Details to know
Shareable certificate
Add to your LinkedIn profile
Assessments
5 quizzes"
Initiating and Planning Projects,"University of California, Irvine",https://www.coursera.org/learn/project-planning,project-planning,https://d3njjcbhbojbot.cloudfront.net/api/utilities/v1/imageproxy/https://s3.amazonaws.com/coursera-course-photos/a7/bae34049c711e4986e656ae5bf70c9/2_GearsDrawing_Coursera.jpg?auto=format%2Ccompress&dpr=1&w=330&h=330&fit=fill&q=25,"['Margaret  Meloni,  MBA, PMP']",Intermediate level,7 hours (approximately),"What you'll learn
Identify project stakeholders
Define the role and responsibilities of the project manager
Summarize the key elements of a project plan
Anticipate common sources of conflict within a project environment"
Fundamentals of Graphic Design,California Institute of the Arts,https://www.coursera.org/learn/fundamentals-of-graphic-design,fundamentals-of-graphic-design,https://d3njjcbhbojbot.cloudfront.net/api/utilities/v1/imageproxy/https://s3.amazonaws.com/coursera-course-photos/dc/1d37b0e47f11e5a403f7dee24cfcd7/01.FUND_1200-x-1200_logo.jpg?auto=format%2Ccompress&dpr=1&w=330&h=330&fit=fill&q=25,['Michael Worthington'],Beginner level,Approx. 15 hours,"What you'll learn
Implement the fundamentals of color: visual, rhythm, and pattern in design
Use scale, weight, direction, texture, and space in a composition
Typeset text and experiment with letter forms
Create your own series of images using different image making techniques"
Introduction to Marketing,University of Pennsylvania,https://www.coursera.org/learn/wharton-marketing,wharton-marketing,https://d3njjcbhbojbot.cloudfront.net/api/utilities/v1/imageproxy/https://dade2fwib5xi6.cloudfront.net/N135ukYpRXyd-bpGKSV8ig.processed/thumbnails/360p/1.jpg?auto=format%2Ccompress&dpr=1&w=330&h=330&fit=fill&q=25,"['Barbara E. Kahn', 'Jagmohan Raju', 'Peter Fader']",Intermediate level,10 hours to complete,"Skills you'll gain
Positioning (Marketing)
Marketing
Marketing Strategy
Customer Satisfaction"
Python for Data Science and AI,IBM,https://www.coursera.org/learn/python-for-applied-data-science-ai,python-for-applied-data-science-ai,https://d3njjcbhbojbot.cloudfront.net/api/utilities/v1/imageproxy/https://dade2fwib5xi6.cloudfront.net/iuotLb68So-a-AIIrLiq6g.processed/thumbnails/360p/1.jpg?auto=format%2Ccompress&dpr=1&w=330&h=330&fit=fill&q=25,['Joseph Santarcangelo'],Beginner level,"{
  ""@context"": ""https://schema.org/"",
  ""@type"": ""Course"",
  ""publisher"": {
    ""@type"": ""Organization"",
    ""name"": ""Coursera"",
    ""url"": ""https://www.coursera.org""
  },
  ""financialAidEligible"": ""Financial Aid available for eligible students."",
  ""educationalCredentialAwarded"": {
    ""@type"": ""EducationalOccupationalCredential"",
    ""name"": ""Coursera Certificate""
  },
  ""@id"": ""https://www.coursera.org/learn/python-for-applied-data-science-ai"",
  ""name"": ""Python for Data Science, AI & Development"",
  ""description"": ""Kickstart your learning of Python with this beginner-friendly self-paced course taught by an expert. Python is one of the most popular languages in the programming and data science world and demand for individuals who have the ability to apply Python has never been higher.  \n\nThis introduction to Python course will take you from zero to programming in Python in a matter of hoursâno prior programming experience necessary! You will learn about Python basics and the different data types. You will f"",
  ""image"": [
    ""https://d3njjcbhbojbot.cloudfront.net/api/utilities/v1/imageproxy/https://coursera-course-photos.s3.amazonaws.com/fc/c1b8dfbac740999b6256aca490de43/Python-Image.jpg""
  ],
  ""about"": [
    ""Data Science"",
    ""Data Analysis"",
    ""Python Programming"",
    ""Numpy"",
    ""Pandas""
  ],
  ""teaches"": [
    ""Learn Python - the most popular programming language and for Data Science and Software Development."",
    ""Apply Python programming logic Variables, Data Structures, Branching, Loops, Functions, Objects &amp; Classes."",
    ""Demonstrate proficiency in using Python libraries such as Pandas &amp; Numpy, and developing code using Jupyter Notebooks."",
    ""Access and web scrape data using APIs and Python libraries like Beautiful Soup. ""
  ],
  ""offers"": {
    ""@type"": ""Offer"",
    ""category"": ""Subscription""
  },
  ""aggregateRating"": {
    ""@type"": ""AggregateRating"",
    ""ratingValue"": 4.600987359626757,
    ""bestRating"": 5,
    ""ratingCount"": 36866
  },
  ""provider"": {
    ""@type"": ""Organization"",
    ""name"": ""IBM"",
    ""url"": ""http://ibm.com/training""
  },
  ""educationalLevel"": ""Beginner"",
  ""totalHistoricalEnrollment"": 942664,
  ""inLanguage"": ""en"",
  ""availableLanguage"": [
    ""ar"",
    ""az"",
    ""bn"",
    ""de"",
    ""el"",
    ""es"",
    ""fa"",
    ""fr"",
    ""hi"",
    ""hu"",
    ""id"",
    ""it"",
    ""ja"",
    ""kk"",
    ""ko"",
    ""nl"",
    ""pl"",
    ""ps"",
    ""pt"",
    ""ru"",
    ""sv"",
    ""th"",
    ""tr"",
    ""uk"",
    ""ur"",
    ""zh""
  ],
  ""syllabusSections"": [
    {
      ""@type"": ""Syllabus"",
      ""name"": ""Python Basics "",
      ""description"": ""This module teaches the basics of Python and begins by exploring some of the different data types such as integers, real numbers, and strings. Continue with the module and learn how to use expressions in mathematical operations, store values in variables, and the many different ways to manipulate strings."",
      ""timeRequired"": ""PT2H55M56S""
    },
    {
      ""@type"": ""Syllabus"",
      ""name"": ""Python Data Structures "",
      ""description"": ""This module begins a journey into Python data structures by explaining the use of lists and tuples and how they are able to store collections of data in a single variable. Next learn about dictionaries and how they function by storing data in pairs of keys and values, and end with Python sets to learn how this type of collection can appear in any order and will only contain unique elements."",
      ""timeRequired"": ""PT3H22M28S""
    },
    {
      ""@type"": ""Syllabus"",
      ""name"": ""Python Programming Fundamentals "",
      ""description"": ""This module discusses Python fundamentals and begins with the concepts of conditions and branching. Continue through the module and learn how to implement loops to iterate over sequences, create functions to perform a specific task, perform exception handling to catch errors, and how classes are needed to create objects."",
      ""timeRequired"": ""PT6H23M14S""
    },
    {
      ""@type"": ""Syllabus"",
      ""name"": ""Working with Data in Python "",
      ""description"": ""This module explains the basics of working with data in Python and begins the path with learning how to read and write files. Continue the module and uncover the best Python libraries that will aid in data manipulation and mathematical operations."",
      ""timeRequired"": ""PT5H57M4S""
    },
    {
      ""@type"": ""Syllabus"",
      ""name"": ""APIs and Data Collection"",
      ""description"": ""This module delves into the unique ways to collect data by the use of APIs and web scraping. It further explores data collection by explaining how to read and collect data when dealing with different file formats."",
      ""timeRequired"": ""PT6H24M27S""
    }
  ],
  ""coursePrerequisites"": [
    ""No prior programming experience required!""
  ],
  ""review"": [
    {
      ""@type"": ""Review"",
      ""author"": {
        ""@type"": ""Person"",
        ""name"": ""EM""
      },
      ""datePublished"": ""2022-09-25T00:00:00.000Z"",
      ""reviewBody"": ""it becomes easier wand clearer when one gets to complete the assignment as to how to utilize what has been learned practical work is a great way to lerarn which was a fundamental part of the course."",
      ""reviewRating"": {
        ""@type"": ""Rating"",
        ""bestRating"": ""5"",
        ""ratingValue"": 5
      }
    },
    {
      ""@type"": ""Review"",
      ""author"": {
        ""@type"": ""Person"",
        ""name"": ""AD""
      },
      ""datePublished"": ""2021-06-24T00:00:00.000Z"",
      ""reviewBody"": ""Briefly it covers a lot of topics. Learnt many new things in such a short span of time. Its just that the Hands on tool was a little slow. Rest everything was pretty simple and its good for beginners."",
      ""reviewRating"": {
        ""@type"": ""Rating"",
        ""bestRating"": ""5"",
        ""ratingValue"": 4
      }
    },
    {
      ""@type"": ""Review"",
      ""author"": {
        ""@type"": ""Person"",
        ""name"": ""RK""
      },
      ""datePublished"": ""2020-06-16T00:00:00.000Z"",
      ""reviewBody"": ""It's been a very exciting journey and last project was just awesome... It's gives me real world problem. Videos are short and a lot informations provided in that. can't wait for the next course....."",
      ""reviewRating"": {
        ""@type"": ""Rating"",
        ""bestRating"": ""5"",
        ""ratingValue"": 5
      }
    },
    {
      ""@type"": ""Review"",
      ""author"": {
        ""@type"": ""Person"",
        ""name"": ""RT""
      },
      ""datePublished"": ""2019-08-20T00:00:00.000Z"",
      ""reviewBody"": ""-Good Course for basics of python and intro to Pandas and Numpy\\n\\n-More exercises related to Pandas and Numpy would be good for practice.\\n\\n-The course isn't updated with the latest UI of IBM Watson"",
      ""reviewRating"": {
        ""@type"": ""Rating"",
        ""bestRating"": ""5"",
        ""ratingValue"": 4
      }
    },
    {
      ""@type"": ""Review"",
      ""author"": {
        ""@type"": ""Person"",
        ""name"": ""PP""
      },
      ""datePublished"": ""2020-10-01T00:00:00.000Z"",
      ""reviewBody"": ""I liked the course as it gives a quick introduction to the concepts of python and its libraries Pandas and Numpy. I really enjoyed doing lab work using IBM Watson Studio. It was a great experience."",
      ""reviewRating"": {
        ""@type"": ""Rating"",
        ""bestRating"": ""5"",
        ""ratingValue"": 5
      }
    }
  ],
  ""hasCourseInstance"": [
    {
      ""@type"": ""CourseInstance"",
      ""courseMode"": ""Online"",
      ""courseWorkload"": ""PT25H3M9S"",
      ""instructor"": {
        ""@type"": ""Person"",
        ""name"": ""Joseph Santarcangelo"",
        ""description"": ""IBM Developer Skills Network"",
        ""image"": ""https://d3njjcbhbojbot.cloudfront.net/api/utilities/v1/imageproxy/https://coursera-instructor-photos.s3.amazonaws.com/19/c6bf4030a611e897095b4bb8907d1a/joseph.jpg""
      }
    }
  ]
}","What you'll learn
Learn Python - the most popular programming language and for Data Science and Software Development.
Apply Python programming logic Variables, Data Structures, Branching, Loops, Functions, Objects & Classes.
Demonstrate proficiency in using Python libraries such as Pandas & Numpy, and developing code using Jupyter Notebooks.
Access and web scrape data using APIs and Python libraries like Beautiful Soup."
Marketing Analytics,University of Virginia,https://www.coursera.org/learn/uva-darden-market-analytics,uva-darden-market-analytics,https://d3njjcbhbojbot.cloudfront.net/api/utilities/v1/imageproxy/https://s3.amazonaws.com/coursera-course-photos/a3/ea5e502c4911e78e3a21751e1f2352/MALogo.jpg?auto=format%2Ccompress&dpr=1&w=330&h=330&fit=fill&q=25,['Rajkumar Venkatesan'],Beginner level,16 hours to complete,"What you'll learn
How to build and define a brand architecture and how to measure the impact of marketing efforts on brand value over time
How to measure customer lifetime value  and use that information to evaluate strategic marketing alternatives
How to design basic experiments so that you can assess your marketing efforts and invest your marketing dollars most effectively
How to set up regressions, interpret outputs, explore confounding effects and biases, and distinguish between economic and statistical significance"
Fundamentals of Quantitative Modeling,University of Pennsylvania,https://www.coursera.org/learn/wharton-quantitative-modeling,wharton-quantitative-modeling,https://d3njjcbhbojbot.cloudfront.net/api/utilities/v1/imageproxy/https://s3.amazonaws.com/coursera-course-photos/95/d35a28c2db4cdb84016b7336faaa36/mlfe_c1.jpg?auto=format%2Ccompress&dpr=1&w=330&h=330&fit=fill&q=25,['Richard Waterman'],Intermediate level,7 hours (approximately),"Skills you'll gain
Modeling
Linear Regression
Probabilistic Models
Regression Analysis"
Mathematics for Machine Learning: Linear Algebra,Imperial College London,https://www.coursera.org/learn/linear-algebra-machine-learning,linear-algebra-machine-learning,https://d3njjcbhbojbot.cloudfront.net/api/utilities/v1/imageproxy/https://s3.amazonaws.com/coursera-course-photos/2f/0dc8c0f1fa11e7998daf3442598f30/BLUE-Square-800x800-03.jpg.jpg?auto=format%2Ccompress&dpr=1&w=330&h=330&fit=fill&q=25,"['A.Â\xa0Freddie Page', 'David Dye', 'Samuel J. Cooper']",Beginner level,Approx. 18 hours,"Skills you'll gain
Eigenvalues And Eigenvectors
Basis (Linear Algebra)
Transformation Matrix
Linear Algebra"
Introduction to Data Science in Python,University of Michigan,https://www.coursera.org/learn/python-data-analysis,python-data-analysis,https://d3njjcbhbojbot.cloudfront.net/api/utilities/v1/imageproxy/https://s3.amazonaws.com/coursera-course-photos/69/31e4501e1611e6a4391b9ced487d65/python_datascience_thumbnail_introduction_1x1.png?auto=format%2Ccompress&dpr=1&w=330&h=330&fit=fill&q=25,['Christopher Brooks'],Intermediate level,34 hours (approximately),"What you'll learn
Understand techniques such as lambdas and manipulating csv files
Describe common Python functionality and features used for data science
Query DataFrame structures for cleaning and processing
Explain distributions, sampling, and t-tests"
Customer Analytics,University of Pennsylvania,https://www.coursera.org/learn/wharton-customer-analytics,wharton-customer-analytics,https://d3njjcbhbojbot.cloudfront.net/api/utilities/v1/imageproxy/https://dade2fwib5xi6.cloudfront.net/iO3l8FrtEeazDA6HAv4GcQ.processed/thumbnails/360p/1.jpg?auto=format%2Ccompress&dpr=1&w=330&h=330&fit=fill&q=25,"['Eric Bradlow', 'Peter Fader', 'Raghu Iyengar', 'Ron Berman']",Intermediate level,11 hours to complete,"Skills you'll gain
Predictive Analytics
Customer Analytics
Marketing Performance Measurement And Management
Regression Analysis"
English for Career Development,University of Pennsylvania,https://www.coursera.org/learn/careerdevelopment,careerdevelopment,https://d3njjcbhbojbot.cloudfront.net/api/utilities/v1/imageproxy/https://s3.amazonaws.com/coursera-course-photos/bb/62e6a0120b11e6bc32c330496bd91a/Career-Development.jpg?auto=format%2Ccompress&dpr=1&w=330&h=330&fit=fill&q=25,"['Brian McManus', 'Robyn Turner']",Intermediate level,40 hours to complete,"Skills you'll gain
Communication
English Language
Career Development
Writing"
SQL for Data Science,"University of California, Davis",https://www.coursera.org/learn/sql-for-data-science,sql-for-data-science,https://d3njjcbhbojbot.cloudfront.net/api/utilities/v1/imageproxy/https://s3.amazonaws.com/coursera-course-photos/7a/569080aab711e79d97bf25c196049d/1200px-square-dark.jpg?auto=format%2Ccompress&dpr=1&w=330&h=330&fit=fill&q=25,['Sadie St. Lawrence'],Beginner level,15 hours (approximately),"What you'll learn
Identify a subset of data needed from a column or set of columns and write a SQL query to limit to those results.
Use SQL commands to filter, sort, and summarize data.
Create an analysis table from multiple queries using the UNION operator.
Manipulate strings, dates, & numeric data using functions to integrate data from different sources into fields with the correct format for analysis."
Write Professional Emails in English,Georgia Institute of Technology,https://www.coursera.org/learn/professional-emails-english,professional-emails-english,https://d3njjcbhbojbot.cloudfront.net/api/utilities/v1/imageproxy/https://s3.amazonaws.com/coursera-course-photos/3f/8ec60034c211e69de60937f46833a2/199356_Write_Prof_Emails_Eng.jpg?auto=format%2Ccompress&dpr=1&w=330&h=330&fit=fill&q=25,['Gerry Landers'],Intermediate level,13 hours to complete,"Skills you'll gain
Professional
Email Writing
Communication
Writing"
System Administration and IT Infrastructure Services,Google,https://www.coursera.org/learn/system-administration-it-infrastructure-services,system-administration-it-infrastructure-services,https://d3njjcbhbojbot.cloudfront.net/api/utilities/v1/imageproxy/https://s3.amazonaws.com/coursera-course-photos/82/d56dd0f26a11e78b9f155aee1c522b/Course-Logo-4---NEW.jpg?auto=format%2Ccompress&dpr=1&w=320&h=180&fit=crop&q=25&crop=faces,['Google Career Certificates'],Beginner level,28 hours (approximately),"Skills you'll gain
Directory Service
Lightweight Directory Access Protocol (LDAP)
Backup"
Child Nutrition and Cooking,Stanford University,https://www.coursera.org/learn/childnutrition,childnutrition,https://d3njjcbhbojbot.cloudfront.net/api/utilities/v1/imageproxy/https://dade2fwib5xi6.cloudfront.net/58wY85szEeiCFAoXwxSw6A.processed/thumbnails/360p/1.jpg?auto=format%2Ccompress&dpr=1&w=330&h=330&fit=fill&q=25,"['Maya Adam, MD']",Beginner level,Approx. 11 hours,"Skills you'll gain
Nutrition
Organic Food
Food Safety
Food Science"
Data Science Math Skills,Duke University,https://www.coursera.org/learn/datasciencemathskills,datasciencemathskills,https://d3njjcbhbojbot.cloudfront.net/api/utilities/v1/imageproxy/https://s3.amazonaws.com/coursera-course-photos/08/8c6610c07e11e6a7f5e70b413367a6/DMSIcon.jpg?auto=format%2Ccompress&dpr=1&w=330&h=330&fit=fill&q=25,"['Daniel Egger', 'Paul Bendich']",Beginner level,13 hours to complete,"Skills you'll gain
Bayes' Theorem
Bayesian Probability
Probability
Probability Theory"
Structuring Machine Learning Projects,DeepLearning.AI,https://www.coursera.org/learn/machine-learning-projects,machine-learning-projects,https://d3njjcbhbojbot.cloudfront.net/api/utilities/v1/imageproxy/https://s3.amazonaws.com/coursera-course-photos/64/396db0843a456b8af3748b81aaa298/Course-logo-3.png?auto=format%2Ccompress&dpr=1&w=330&h=330&fit=fill&q=25,"['Andrew Ng', 'Kian Katanforoosh', 'Younes Bensouda Mourri']",Beginner level,"{
  ""@context"": ""https://schema.org/"",
  ""@type"": ""Course"",
  ""publisher"": {
    ""@type"": ""Organization"",
    ""name"": ""Coursera"",
    ""url"": ""https://www.coursera.org""
  },
  ""financialAidEligible"": ""Financial Aid available for eligible students."",
  ""educationalCredentialAwarded"": {
    ""@type"": ""EducationalOccupationalCredential"",
    ""name"": ""Coursera Certificate""
  },
  ""@id"": ""https://www.coursera.org/learn/machine-learning-projects"",
  ""name"": ""Structuring Machine Learning Projects"",
  ""description"": ""In the third course of the Deep Learning Specialization, you will learn how to build a successful machine learning project and get to practice decision-making as a machine learning project leader. \n\nBy the end, you will be able to diagnose errors in a machine learning system; prioritize strategies for reducing errors; understand complex ML settings, such as mismatched training/test sets, and comparing to and/or surpassing human-level performance; and apply end-to-end learning, transfer learning,"",
  ""image"": [
    ""https://d3njjcbhbojbot.cloudfront.net/api/utilities/v1/imageproxy/https://coursera-course-photos.s3.amazonaws.com/64/396db0843a456b8af3748b81aaa298/Course-logo-3.png""
  ],
  ""about"": [
    ""Decision-Making"",
    ""Machine Learning"",
    ""Deep Learning"",
    ""Inductive Transfer"",
    ""Multi-Task Learning""
  ],
  ""teaches"": [],
  ""offers"": {
    ""@type"": ""Offer"",
    ""category"": ""Partially Free""
  },
  ""aggregateRating"": {
    ""@type"": ""AggregateRating"",
    ""ratingValue"": 4.787652386977566,
    ""bestRating"": 5,
    ""ratingCount"": 49791
  },
  ""provider"": {
    ""@type"": ""Organization"",
    ""name"": ""DeepLearning.AI"",
    ""url"": ""https://www.deeplearning.ai""
  },
  ""educationalLevel"": ""Beginner"",
  ""totalHistoricalEnrollment"": 469415,
  ""inLanguage"": ""en"",
  ""availableLanguage"": [
    ""ar"",
    ""az"",
    ""bn"",
    ""de"",
    ""el"",
    ""es"",
    ""fa"",
    ""fr"",
    ""hi"",
    ""hu"",
    ""id"",
    ""it"",
    ""ja"",
    ""kk"",
    ""ko"",
    ""nl"",
    ""pl"",
    ""ps"",
    ""pt"",
    ""ru"",
    ""sv"",
    ""th"",
    ""tr"",
    ""uk"",
    ""ur"",
    ""vi"",
    ""zh""
  ],
  ""syllabusSections"": [
    {
      ""@type"": ""Syllabus"",
      ""name"": ""ML Strategy "",
      ""description"": ""Streamline and optimize your ML production workflow by implementing strategic guidelines for goal-setting and applying human-level performance to help define key priorities. "",
      ""timeRequired"": ""PT2H59M55S""
    },
    {
      ""@type"": ""Syllabus"",
      ""name"": ""ML Strategy "",
      ""description"": ""Develop time-saving error analysis procedures to evaluate the most worthwhile options to pursue and gain intuition for how to split your data and when to use multi-task, transfer, and end-to-end deep learning. "",
      ""timeRequired"": ""PT3H37M49S""
    }
  ],
  ""coursePrerequisites"": [
    ""At the rate of 5 hours a week, it typically takes 4 weeks to complete this course. ""
  ],
  ""review"": [
    {
      ""@type"": ""Review"",
      ""author"": {
        ""@type"": ""Person"",
        ""name"": ""SV""
      },
      ""datePublished"": ""2019-02-20T00:00:00.000Z"",
      ""reviewBody"": ""This is the knowledge in which we will get from lots of experience only, but the andrew has shared in this course which might help us in future by saving a lot of time through this course experience"",
      ""reviewRating"": {
        ""@type"": ""Rating"",
        ""bestRating"": ""5"",
        ""ratingValue"": 5
      }
    },
    {
      ""@type"": ""Review"",
      ""author"": {
        ""@type"": ""Person"",
        ""name"": ""CC""
      },
      ""datePublished"": ""2020-06-16T00:00:00.000Z"",
      ""reviewBody"": ""Useful to know what are the steps that should be taken after obtaining results. Tho there isn't much information regarding making machine learning projects here (ie. there isn't any hands on project)"",
      ""reviewRating"": {
        ""@type"": ""Rating"",
        ""bestRating"": ""5"",
        ""ratingValue"": 5
      }
    },
    {
      ""@type"": ""Review"",
      ""author"": {
        ""@type"": ""Person"",
        ""name"": ""KK""
      },
      ""datePublished"": ""2021-08-20T00:00:00.000Z"",
      ""reviewBody"": ""Very helpful tips for navigating possible problems that would likely occur while building/training a model. The \""pilot-training\"" exercieses, that mimick real-life problems / projects, are excellent !"",
      ""reviewRating"": {
        ""@type"": ""Rating"",
        ""bestRating"": ""5"",
        ""ratingValue"": 5
      }
    },
    {
      ""@type"": ""Review"",
      ""author"": {
        ""@type"": ""Person"",
        ""name"": ""JB""
      },
      ""datePublished"": ""2020-07-02T00:00:00.000Z"",
      ""reviewBody"": ""While the information from this course was awesome I would've liked some hand on projects to get the information running. Nonetheless, the two simulation task were the best (more would've been neat!)."",
      ""reviewRating"": {
        ""@type"": ""Rating"",
        ""bestRating"": ""5"",
        ""ratingValue"": 5
      }
    },
    {
      ""@type"": ""Review"",
      ""author"": {
        ""@type"": ""Person"",
        ""name"": ""SB""
      },
      ""datePublished"": ""2020-05-07T00:00:00.000Z"",
      ""reviewBody"": ""This course gave some very useful tips on how to start with a Machine learning project when I was struggling to do so. It also gave useful information about error analysis and data set distribution."",
      ""reviewRating"": {
        ""@type"": ""Rating"",
        ""bestRating"": ""5"",
        ""ratingValue"": 5
      }
    }
  ],
  ""hasCourseInstance"": [
    {
      ""@type"": ""CourseInstance"",
      ""courseMode"": ""Online"",
      ""courseWorkload"": ""PT6H37M44S"",
      ""instructor"": {
        ""@type"": ""Person"",
        ""name"": ""Andrew Ng"",
        ""description"": ""Founder, DeepLearning.AI & Co-founder, Coursera"",
        ""image"": ""https://d3njjcbhbojbot.cloudfront.net/api/utilities/v1/imageproxy/https://coursera-instructor-photos.s3.amazonaws.com/2a/6192a04f1311e7ba12057425631cbc/AndrewNg-Headshot.jpg""
      }
    }
  ]
}","Skills you'll gain
Decision-Making
Machine Learning
Deep Learning
Inductive Transfer
Multi-Task Learning"
The Data Scientist’s Toolbox,Johns Hopkins University,https://www.coursera.org/learn/data-scientists-tools,data-scientists-tools,https://d3njjcbhbojbot.cloudfront.net/api/utilities/v1/imageproxy/https://s3.amazonaws.com/coursera-course-photos/37/6352a069b511e3ae92c39913bb30e0/DataScientistsToolbox.jpg?auto=format%2Ccompress&dpr=1&w=330&h=330&fit=fill&q=25,"['Brian Caffo, PhD', 'Jeff Leek, PhD', 'Roger D. Peng, PhD']",Intermediate level,18 hours to complete,"What you'll learn
Set up R, R-Studio, Github and other useful tools
Understand the data, problems, and tools that data analysts use
Explain essential study design concepts
Create a Github repository"
Positive Psychology: Martin E. P. Seligman’s Visionary Science,University of Pennsylvania,https://www.coursera.org/learn/positive-psychology-visionary-science,positive-psychology-visionary-science,https://d3njjcbhbojbot.cloudfront.net/api/utilities/v1/imageproxy/https://s3.amazonaws.com/coursera-course-photos/aa/455620c20311e690bdff42f215166e/PositivePsychology_MOOC_Icons_Course1.jpg?auto=format%2Ccompress&dpr=1&w=330&h=330&fit=fill&q=25,"['Martin E.P. Seligman, Ph.D.']",Beginner level,Approx. 16 hours,"What you'll learn
Understand the scientific foundations of Positive Psychology
Explain how skills of well-being can be learned and taught
Describe why mind and body flourish together
Discuss inspiring new developments in the field of Positive Psychology"
Convolutional Neural Networks,DeepLearning.AI,https://www.coursera.org/learn/convolutional-neural-networks,convolutional-neural-networks,https://d3njjcbhbojbot.cloudfront.net/api/utilities/v1/imageproxy/https://s3.amazonaws.com/coursera-course-photos/b4/e71e72f2e8417895f9cd2433cc69af/Course-logo-4.png?auto=format%2Ccompress&dpr=1&w=330&h=330&fit=fill&q=25,"['Andrew Ng', 'Kian Katanforoosh', 'Younes Bensouda Mourri']",Intermediate level,35 hours (approximately),"Skills you'll gain
Facial Recognition System
Tensorflow
Convolutional Neural Network
Deep Learning
Object Detection and Segmentation"
Using Python to Access Web Data,University of Michigan,https://www.coursera.org/learn/python-network-data,python-network-data,https://d3njjcbhbojbot.cloudfront.net/api/utilities/v1/imageproxy/https://s3.amazonaws.com/coursera-course-photos/53/01bee0502a11e58ddc8ff4d6e0523a/pythonnetworkdata_thumbnail_1x1.png?auto=format%2Ccompress&dpr=1&w=330&h=330&fit=fill&q=25,['Charles Russell Severance'],Beginner level,18 hours (approximately),"What you'll learn
Use regular expressions to extract data from strings
Understand the protocols web browsers use to retrieve documents and web apps
Retrieve data from websites and APIs using Python
Work with XML (eXtensible Markup Language) data"
Data Science Methodology,IBM,https://www.coursera.org/learn/data-science-methodology,data-science-methodology,https://d3njjcbhbojbot.cloudfront.net/api/utilities/v1/imageproxy/https://s3.amazonaws.com/coursera-course-photos/fd/47b69010c411e8a5bdf508210039a8/data_science_mthodology.png?auto=format%2Ccompress&dpr=1&w=330&h=330&fit=fill&q=25,"['Alex Aklson', 'Polong Lin']",Beginner level,6 hours (approximately),"What you'll learn
Describe what a data science methodology is and why data scientists need a methodology.
Apply the six stages in the Cross-Industry Process for Data Mining (CRISP-DM) methodology to analyze a case study.
Evaluate which analytic model is appropriate among predictive, descriptive, and classification models used to analyze a case study.
Determine appropriate data sources for your data science analysis methodology."
Introduction to Financial Accounting,University of Pennsylvania,https://www.coursera.org/learn/wharton-accounting,wharton-accounting,https://d3njjcbhbojbot.cloudfront.net/api/utilities/v1/imageproxy/https://d15cw65ipctsrr.cloudfront.net/12/6352c39d0c4d6791e6a4e51902f48f/accounting-overall-coursera-600x600.jpg?auto=format%2Ccompress&dpr=1&w=330&h=330&fit=fill&q=25,['Brian J Bushee'],Intermediate level,13 hours to complete,"Skills you'll gain
Financial Accounting
Accounting
Financial Statement
Balance Sheet"
Marketing in a Digital World,University of Illinois at Urbana-Champaign,https://www.coursera.org/learn/marketing-digital,marketing-digital,https://d3njjcbhbojbot.cloudfront.net/api/utilities/v1/imageproxy/https://s3.amazonaws.com/coursera-course-photos/cd/9947e944184c3c985115d0765460fd/GIES_Icon_B.png?auto=format%2Ccompress&dpr=1&w=330&h=330&fit=fill&q=25,"['Aric Rindfleisch', 'Steve Raquel']",Beginner level,Approx. 28 hours,"Skills you'll gain
Marketing
Digital Marketing
Marketing Mix
Product Strategies
Pricing Strategies"
Wind Energy,Technical University of Denmark (DTU),https://www.coursera.org/learn/wind-energy,wind-energy,https://d3njjcbhbojbot.cloudfront.net/api/utilities/v1/imageproxy/https://s3.amazonaws.com/coursera-course-photos/3c/557390204a11e5a27e85d1eb9a6dc8/GreenMountainWindFarm_Fluvanna_2004.jpg?auto=format%2Ccompress&dpr=1&w=330&h=330&fit=fill&q=25,"['Cathy Suo', 'Gregor Giebel', 'HjÃ¶rtur JÃ³hannsson', 'Jake Badger', 'Jens NÃ¸rkÃ¦r SÃ¸rensen', 'Katherine Dykes', 'Kenneth Thomsen', 'Lars Pilgaard Mikkelsen', 'Lena Kitzing', 'Mac Gaunaa', 'Martin Eder', 'Mikael SjÃ¶holm', 'Mike Courtney', 'Philipp Ulrich Haselbach', 'Xiao Chen', 'Xiaoli Guo LarsÃ©n']",Intermediate level,34 hours to complete,"Skills you'll gain
Wind Energy
Materials
Wind Power
Wind Energy Engineering"
Introduction to Philosophy,The University of Edinburgh,https://www.coursera.org/learn/philosophy,philosophy,https://d3njjcbhbojbot.cloudfront.net/api/utilities/v1/imageproxy/https://s3.amazonaws.com/coursera-course-photos/04/d57b80c12111e694fd8bca8aebde40/school-of-athens-raphael-1080x1080.jpg?auto=format%2Ccompress&dpr=1&w=330&h=330&fit=fill&q=25,"['Dr.  Dave Ward', 'Dr. Alasdair Richmond', 'Dr. Allan Hazlett', 'Dr. Matthew Chrisman', 'Dr. Suilin Lavelle', 'Elinor Mason', 'Guy Fletcher', 'Professor Duncan Pritchard', 'Professor Michela Massimi']",Intermediate level,19 hours to complete,"Details to know
Shareable certificate
Add to your LinkedIn profile
Assessments
18 quizzes"
Business Metrics for Data-Driven Companies,Duke University,https://www.coursera.org/learn/analytics-business-metrics,analytics-business-metrics,https://d3njjcbhbojbot.cloudfront.net/api/utilities/v1/imageproxy/https://s3.amazonaws.com/coursera-course-photos/81/d0d2a03d5c11e5949cf1f925f5447f/logo.jpg?auto=format%2Ccompress&dpr=1&w=330&h=330&fit=fill&q=25,"['Daniel Egger', 'Jana Schaich Borg']",Intermediate level,7 hours (approximately),"Skills you'll gain
Data Analysis
Business Analysis
Business Analytics
Business Process"
Python Basics,University of Michigan,https://www.coursera.org/learn/python-basics,python-basics,https://d3njjcbhbojbot.cloudfront.net/api/utilities/v1/imageproxy/https://s3.amazonaws.com/coursera-course-photos/77/17ca30e9cf11e8931fddf70eb768e1/pythonfluency_1x1_course_1.png?auto=format%2Ccompress&dpr=1&w=330&h=330&fit=fill&q=25,"['Paul Resnick', 'Steve Oney']",Beginner level,Approx. 26 hours,"What you'll learn
Learn Python 3 basics, including conditional statements, loops, and data structures like strings and lists.
Develop practical programming skills by creating drawings and building your debugging abilities."
IT Security: Defense against the digital dark arts,Google,https://www.coursera.org/learn/it-security,it-security,https://d3njjcbhbojbot.cloudfront.net/api/utilities/v1/imageproxy/https://s3.amazonaws.com/coursera-course-photos/af/d5ed10f26911e7a930e510b0715979/Course-Logo-6---NEW.jpg?auto=format%2Ccompress&dpr=1&w=320&h=180&fit=crop&q=25&crop=faces,['Google Career Certificates'],Beginner level,Approx. 35 hours,"Skills you'll gain
Cybersecurity
Wireless Security
Cryptography
Network Security"
Contabilidad para no contadores,Universidad Nacional Autónoma de México,https://www.coursera.org/learn/contabilidad,contabilidad,https://d3njjcbhbojbot.cloudfront.net/api/utilities/v1/imageproxy/https://s3.amazonaws.com/coursera-course-photos/9c/1028d1609e4cb0964f954380ff04cd/ContabilidadparaNoContador_FINAL.jpg?auto=format%2Ccompress&dpr=1&w=330&h=330&fit=fill&q=25,['Manuel JesÃºs CÃ¡rdenas Espinosa'],Beginner level,Approx. 11 hours,"Skills you'll gain
Financial Accounting
Accounting
Financial Statement
Interpretation"
Google Cloud Platform Big Data and Machine Learning Fundamentals,Google Cloud,https://www.coursera.org/learn/gcp-big-data-ml-fundamentals,gcp-big-data-ml-fundamentals,https://d3njjcbhbojbot.cloudfront.net/api/utilities/v1/imageproxy/https://s3.amazonaws.com/coursera-course-photos/28/b66a50593d11e79e47c94609bf0c0b/BD-and-ML-Fundamentals-v3.jpg?auto=format%2Ccompress&dpr=1&w=330&h=330&fit=fill&q=25,['Google Cloud Training'],Beginner level,Approx. 9 hours,"What you'll learn
Identify the data-to-AI lifecycle on Google Cloud and the major products of big data and machine learning.
Design streaming pipelines with Dataflow and Pub/Sub and dDesign streaming pipelines with Dataflow and Pub/Sub.
Identify different options to build machine learning solutions on Google Cloud.
Describe a machine learning workflow and the key steps with Vertex AI and build a machine learning pipeline using AutoML."
Understanding Research Methods,University of London,https://www.coursera.org/learn/research-methods,research-methods,https://d3njjcbhbojbot.cloudfront.net/api/utilities/v1/imageproxy/https://s3.amazonaws.com/coursera-course-photos/f0/4d69f081f611e3b2cfdd1ba20cb291/iStock_000027139493Small.jpg?auto=format%2Ccompress&dpr=1&w=330&h=330&fit=fill&q=25,"['Dr Dan Plesch, SOAS University of London', 'Dr J. Simon Rofe, SOAS, University of London', 'Dr Yenn Lee']",Intermediate level,5 hours to complete,"Details to know
Earn a career certificate
Add to your LinkedIn profile
Taught in English
22 languages available"
Camino a la Excelencia en Gestión de Proyectos,Pontificia Universidad Católica de Chile,https://www.coursera.org/learn/camino-excelencia-gestion-proyectos,camino-excelencia-gestion-proyectos,https://d3njjcbhbojbot.cloudfront.net/api/utilities/v1/imageproxy/https://s3.amazonaws.com/coursera-course-photos/d1/471c76df6c48f4ac898e8e81570a75/Camino-a-la-Excelencia-en-Gestion-de-Proyectos.jpg?auto=format%2Ccompress&dpr=1&w=330&h=330&fit=fill&q=25,"['Luis Fernando AlarcÃ³n', 'Paz Arroyo']",Beginner level,7 hours to complete,"Skills you'll gain
Lean Project Management
Value Stream Mapping
Lean Manufacturing
Legal Project Management"
Introduction to HTML5,University of Michigan,https://www.coursera.org/learn/html,html,https://d3njjcbhbojbot.cloudfront.net/api/utilities/v1/imageproxy/https://s3.amazonaws.com/coursera-course-photos/32/b88140502611e5bf374909c194f0db/introhtml_thumnail_1x1.png?auto=format%2Ccompress&dpr=1&w=330&h=330&fit=fill&q=25,"['Charles Russell Severance', 'Colleen van Lent, Ph.D.']",Beginner level,Approx. 11 hours,"What you'll learn
Recognize and use common HTML5 tags.
Be aware of what an editor is and how to use one.
Compose HTML5 code that can create images and links."
Excel Skills for Business: Intermediate I,Macquarie University,https://www.coursera.org/learn/excel-intermediate-1,excel-intermediate-1,https://d3njjcbhbojbot.cloudfront.net/api/utilities/v1/imageproxy/https://s3.amazonaws.com/coursera-course-photos/b5/2b212f4b2f45ee91f235ea7c506bc1/ICON-2.jpg?auto=format%2Ccompress&dpr=1&w=330&h=330&fit=fill&q=25,"['Dr Prashan S. M. Karunaratne', 'Nicky Bull', 'Professor Yvonne Breyer']",Intermediate level,27 hours (approximately),"Skills you'll gain
Concatenation
Microsoft Excel
Consolization
Pivot Table
Pivot Chart"
"Programming Foundations with JavaScript, HTML and CSS",Duke University,https://www.coursera.org/learn/duke-programming-web,duke-programming-web,https://d3njjcbhbojbot.cloudfront.net/api/utilities/v1/imageproxy/https://s3.amazonaws.com/coursera-course-photos/1d/9ab6c01a0711e5aafd874ac89d7e65/digital-388075_1280.jpg?auto=format%2Ccompress&dpr=1&w=330&h=330&fit=fill&q=25,"['Andrew D. Hilton', 'Owen Astrachan', 'Robert Duvall', 'Susan H. Rodger']",Beginner level,33 hours (approximately),"Skills you'll gain
HTML
Html5
JavaScript
Cascading Style Sheets (CSS)"
Data Analysis with Python,IBM,https://www.coursera.org/learn/data-analysis-with-python,data-analysis-with-python,https://d3njjcbhbojbot.cloudfront.net/api/utilities/v1/imageproxy/https://s3.amazonaws.com/coursera-course-photos/1e/bccef0386611e889ebf7c982548ca6/Screen-Shot-2018-04-04-at-8.13.17-PM.png?auto=format%2Ccompress&dpr=1&w=330&h=330&fit=fill&q=25,['Joseph Santarcangelo'],Intermediate level,Approx. 15 hours,"What you'll learn
Develop Python code for cleaning and preparing data for analysis - including handling missing values, formatting, normalizing, and binning data
Perform exploratory data analysis and apply analytical techniques to real-word datasets using libraries such as Pandas, Numpy and Scipy
Manipulate data using dataframes, summarize data, understand data distribution, perform correlation and create data pipelines
Build and evaluate regression models using machine learning scikit-learn library and use them for prediction and decision making"

AWS Fundamentals: Going Cloud-Native,Amazon Web Services,https://www.coursera.org/learn/aws-fundamentals-going-cloud-native,aws-fundamentals-going-cloud-native,,,,,

Machine Learning with Python,IBM,https://www.coursera.org/learn/machine-learning-with-python,machine-learning-with-python,https://d3njjcbhbojbot.cloudfront.net/api/utilities/v1/imageproxy/https://s3.amazonaws.com/coursera-course-photos/24/48deb0730b11e88827bdf46c9d13ee/Machine-Learning-with-Python_icon.png?auto=format%2Ccompress&dpr=1&w=330&h=330&fit=fill&q=25,"['Joseph Santarcangelo', 'SAEED AGHABOZORGI']",Intermediate level,13 hours (approximately),"What you'll learn
Describe the various types of Machine Learning algorithms and when to use themÂ
Compare and contrast linear classification methods including multiclass prediction, support vector machines, and logistic regressionÂ
Write Python code that implements various classification techniques including K-Nearest neighbors (KNN), decision trees, and regression treesÂ
Evaluate the results from simple linear, non-linear, and multiple regression on a data set using evaluation metricsÂ"
"Speak English Professionally: In Person, Online & On the Phone",Georgia Institute of Technology,https://www.coursera.org/learn/speak-english-professionally,speak-english-professionally,https://d3njjcbhbojbot.cloudfront.net/api/utilities/v1/imageproxy/https://s3.amazonaws.com/coursera-course-photos/6e/57b3c034c211e6b0ee8f39a2528cfb/199356_Speak_Eng_Prof_Icon.jpg?auto=format%2Ccompress&dpr=1&w=330&h=330&fit=fill&q=25,['Amalia B. Stephens'],Intermediate level,16 hours (approximately),"Skills you'll gain
Stress
Communication
Presentation
Public Speaking"
Essential Google Cloud Infrastructure: Foundation,Google Cloud,https://www.coursera.org/learn/gcp-infrastructure-foundation,gcp-infrastructure-foundation,https://d3njjcbhbojbot.cloudfront.net/api/utilities/v1/imageproxy/https://s3.amazonaws.com/coursera-course-photos/30/30378059d211e7b6a10f0c1f673917/Configuration-Management-on-GCP.jpg?auto=format%2Ccompress&dpr=1&w=330&h=330&fit=fill&q=25,['Google Cloud Training'],Intermediate level,Approx. 7 hours,"What you'll learn
Interact with the Google Cloud console and Cloud Shell
Deploy solutions using Google Cloud Marketplace
Implement VPC networks and firewall rules
Create and customize VM instances using Compute Engine"
Introduction to Artificial Intelligence (AI),IBM,https://www.coursera.org/learn/introduction-to-ai,introduction-to-ai,https://d3njjcbhbojbot.cloudfront.net/api/utilities/v1/imageproxy/https://s3.amazonaws.com/coursera-course-photos/a7/edd3b41ddd45298d7bbcb04b19fba6/200766_Logo-Image_1200x1200pxl-copy-3.png?auto=format%2Ccompress&dpr=1&w=330&h=330&fit=fill&q=25,['Rav Ahuja'],Beginner level,8 hours (approximately),"What you'll learn
Describe what AI is and explain the core concepts related to AI
Demonstrate how AI applications and use cases can transform our lives and our work
Recognize the potential and impact of AI to transform businesses and careers
Describe the issues, limitations, and ethical concerns surrounding AI"
Sequence Models,DeepLearning.AI,https://www.coursera.org/learn/nlp-sequence-models,nlp-sequence-models,https://d3njjcbhbojbot.cloudfront.net/api/utilities/v1/imageproxy/https://s3.amazonaws.com/coursera-course-photos/15/fd49ba18e542ecb13e8f07d8f0a15b/Course-logo-5.png?auto=format%2Ccompress&dpr=1&w=330&h=330&fit=fill&q=25,"['Andrew Ng', 'Kian Katanforoosh', 'Younes Bensouda Mourri']",Intermediate level,Approx. 37 hours,"Skills you'll gain
Gated Recurrent Unit (GRU)
Recurrent Neural Network
Natural Language Processing
Long Short Term Memory (LSTM)
Attention Models"
Introduction to Search Engine Optimization,"University of California, Davis",https://www.coursera.org/learn/search-engine-optimization,search-engine-optimization,https://d3njjcbhbojbot.cloudfront.net/api/utilities/v1/imageproxy/https://dade2fwib5xi6.cloudfront.net/ZPsfugukEeaPWQ4W01MnNw.processed/thumbnails/360p/1.jpg?auto=format%2Ccompress&dpr=1&w=330&h=330&fit=fill&q=25,['Rebekah May'],Beginner level,13 hours (approximately),"What you'll learn
Critique the role of advertisements and corporate funding in the development of search
Compare and contrast the functionality of search engine algorithms updates
Write your own content for a website that will improve search results
Develop an optimization strategy following best practices for a client to implement to help increase their ranking"
R Programming,Johns Hopkins University,https://www.coursera.org/learn/r-programming,r-programming,https://d3njjcbhbojbot.cloudfront.net/api/utilities/v1/imageproxy/https://s3.amazonaws.com/coursera-course-photos/5e/b4ef8069b511e3ae92c39913bb30e0/Rprogramming.jpg?auto=format%2Ccompress&dpr=1&w=330&h=330&fit=fill&q=25,"['Brian Caffo, PhD', 'Jeff Leek, PhD', 'Roger D. Peng, PhD']",Intermediate level,Approx. 57 hours,"What you'll learn
Understand critical programming language concepts
Configure statistical programming software
Make use of R loop functions and debugging tools
Collect detailed information using R profiler"
Chinese for Beginners,Peking University,https://www.coursera.org/learn/learn-chinese,learn-chinese,https://d3njjcbhbojbot.cloudfront.net/api/utilities/v1/imageproxy/https://s3.amazonaws.com/coursera-course-photos/3f/e014c0ba7811e5a05e970d8586e01d/___-1.jpg?auto=format%2Ccompress&dpr=1&w=330&h=330&fit=fill&q=25,['Xiaoyu Liu'],Intermediate level,23 hours to complete,"Skills you'll gain
Grammar
Communication
Chinese Language
Speech"
Grammar and Punctuation,"University of California, Irvine",https://www.coursera.org/learn/grammar-punctuation,grammar-punctuation,https://d3njjcbhbojbot.cloudfront.net/api/utilities/v1/imageproxy/https://s3.amazonaws.com/coursera-course-photos/67/d4fe7008ab11e5bafdef7a396556ec/grammar.jpg?auto=format%2Ccompress&dpr=1&w=330&h=330&fit=fill&q=25,"['Brad Gilpin', 'Helen Nam', 'Tamy Chapman']",Intermediate level,"{
  ""@context"": ""https://schema.org/"",
  ""@type"": ""Course"",
  ""publisher"": {
    ""@type"": ""Organization"",
    ""name"": ""Coursera"",
    ""url"": ""https://www.coursera.org""
  },
  ""financialAidEligible"": ""Financial Aid available for eligible students."",
  ""educationalCredentialAwarded"": {
    ""@type"": ""EducationalOccupationalCredential"",
    ""name"": ""Coursera Certificate""
  },
  ""@id"": ""https://www.coursera.org/learn/grammar-punctuation"",
  ""name"": ""Grammar and Punctuation"",
  ""description"": ""Course 1: Grammar and Punctuation\n\nDo you need to review English grammar? Have you forgotten the grammar you once studied? If so, this course is perfect for you.\n\nThe first course in this specialization is a refresher on some tools needed for good writing. It will help prepare you for the other courses. You will need about 10 hours to complete this first course. Writing is a skill and to learn a skill well, you need to practice. In this course, you will watch short video lectures and then practi"",
  ""image"": [
    ""https://d3njjcbhbojbot.cloudfront.net/api/utilities/v1/imageproxy/https://coursera-course-photos.s3.amazonaws.com/67/d4fe7008ab11e5bafdef7a396556ec/grammar.jpg""
  ],
  ""about"": [
    ""English Grammar"",
    ""Punctuation"",
    ""Grammar"",
    ""Writing""
  ],
  ""teaches"": [],
  ""offers"": {
    ""@type"": ""Offer"",
    ""category"": ""Subscription""
  },
  ""aggregateRating"": {
    ""@type"": ""AggregateRating"",
    ""ratingValue"": 4.7279131659969735,
    ""bestRating"": 5,
    ""ratingCount"": 19163
  },
  ""provider"": {
    ""@type"": ""Organization"",
    ""name"": ""University of California, Irvine"",
    ""url"": ""http://uci.edu/""
  },
  ""educationalLevel"": ""Mixed"",
  ""totalHistoricalEnrollment"": 734620,
  ""inLanguage"": ""en"",
  ""availableLanguage"": [
    ""ar"",
    ""az"",
    ""bn"",
    ""ca"",
    ""de"",
    ""el"",
    ""es"",
    ""fa"",
    ""fr"",
    ""hi"",
    ""hu"",
    ""id"",
    ""it"",
    ""ja"",
    ""kk"",
    ""ko"",
    ""nl"",
    ""pl"",
    ""ps"",
    ""pt"",
    ""ru"",
    ""sv"",
    ""th"",
    ""tr"",
    ""uk"",
    ""ur"",
    ""vi"",
    ""zh""
  ],
  ""syllabusSections"": [
    {
      ""@type"": ""Syllabus"",
      ""name"": ""Course Introduction"",
      ""description"": ""This is the first course in the Academic English: Writing specialization, which will help prepare you for studying in an American college or university. This first course will go over some of the basics of grammar and punctuation that you'll need to do good writing. It is not intended to review all aspects of English grammar, only the few topics chosen for this class. In this short module, to get started, introduce yourself and get to know the other learners a little bit. In the following lessons, you will watch video lectures, do readings, do practice exercises, and take quizzes. To pass the course, just pass all three quizzes. When you finish one activity, then go on to the next one. Enjoy the class!"",
      ""timeRequired"": ""PT1H20M25S""
    },
    {
      ""@type"": ""Syllabus"",
      ""name"": ""Verb Tenses and Conjunctions"",
      ""description"": ""In this module, you will watch video lectures, do readings, do practice exercises, and take quizzes. You can re-watch the videos or redo the exercises as many times as you need to to help you understand the material. This module will help you review verb tenses and how to use them correctly. You probably already studied these in your other English classes, so this will just be a quick reminder. Then you'll begin learning about how to use conjunctions in your sentences. This will help you write different kinds of sentences and make your writing more interesting."",
      ""timeRequired"": ""PT3H57M41S""
    },
    {
      ""@type"": ""Syllabus"",
      ""name"": ""Compound and Complex Sentences"",
      ""description"": ""Now that you've learned about conjunctions, you're ready to learn about different types of sentences. In English, there are four types of sentences that you can use--and should use--to make your writing more interesting to read. In this module, you'll learn about two of the advanced sentence types."",
      ""timeRequired"": ""PT6H7M17.95S""
    },
    {
      ""@type"": ""Syllabus"",
      ""name"": ""More Commas, Parallel Structure, and Sentence Variety"",
      ""description"": ""In this module, you'll learn some other uses for commas. After studying this module, you'll know about 95% of the ways commas can be used. That means you'll be able to write confidently, knowing that you are using commas correctly and not just guessing. In addition to learning about commas, you'll learn about creating parallel structure and sentence variety. When you add these to your writing tools, your writing will be even more effective."",
      ""timeRequired"": ""PT6H20.128S""
    }
  ],
  ""coursePrerequisites"": [],
  ""review"": [
    {
      ""@type"": ""Review"",
      ""author"": {
        ""@type"": ""Person"",
        ""name"": ""AB""
      },
      ""datePublished"": ""2020-07-02T00:00:00.000Z"",
      ""reviewBody"": ""I am very satisfied with this course. It really helped me to improve my writing skills, and I am feeling more confident than I used to be.\\n\\nAfter this course, I am planning to take up the next one."",
      ""reviewRating"": {
        ""@type"": ""Rating"",
        ""bestRating"": ""5"",
        ""ratingValue"": 5
      }
    },
    {
      ""@type"": ""Review"",
      ""author"": {
        ""@type"": ""Person"",
        ""name"": ""SR""
      },
      ""datePublished"": ""2021-10-18T00:00:00.000Z"",
      ""reviewBody"": ""The course is really good and concise. It improved my writing and grip on grammar by a large extent in a short time. It is worth taking even if you know or have an idea on all the mentioned modules."",
      ""reviewRating"": {
        ""@type"": ""Rating"",
        ""bestRating"": ""5"",
        ""ratingValue"": 5
      }
    },
    {
      ""@type"": ""Review"",
      ""author"": {
        ""@type"": ""Person"",
        ""name"": ""RP""
      },
      ""datePublished"": ""2017-10-09T00:00:00.000Z"",
      ""reviewBody"": ""Hi, Learn the basic of the English grammar and the rules on writing, which so important to writing. Enjoyed and learn so much that will help overcome fear writing.\\n\\nThank You, Again\\n\\nRobert Perea"",
      ""reviewRating"": {
        ""@type"": ""Rating"",
        ""bestRating"": ""5"",
        ""ratingValue"": 5
      }
    },
    {
      ""@type"": ""Review"",
      ""author"": {
        ""@type"": ""Person"",
        ""name"": ""MH""
      },
      ""datePublished"": ""2020-11-06T00:00:00.000Z"",
      ""reviewBody"": ""The course was so fascinating and it deserves everybody's time and effort. I have really enjoyed it and will confidently recommend it to anyone who is looking for a course on grammar and punctuations."",
      ""reviewRating"": {
        ""@type"": ""Rating"",
        ""bestRating"": ""5"",
        ""ratingValue"": 5
      }
    },
    {
      ""@type"": ""Review"",
      ""author"": {
        ""@type"": ""Person"",
        ""name"": ""BR""
      },
      ""datePublished"": ""2020-05-22T00:00:00.000Z"",
      ""reviewBody"": ""This is the perfect course for either people who want a refresher on grammar and punctuation or for people who speak english as a second language and were never taught sentence structuring in school."",
      ""reviewRating"": {
        ""@type"": ""Rating"",
        ""bestRating"": ""5"",
        ""ratingValue"": 4
      }
    }
  ],
  ""hasCourseInstance"": [
    {
      ""@type"": ""CourseInstance"",
      ""courseMode"": ""Online"",
      ""courseWorkload"": ""PT17H25M44.078S"",
      ""instructor"": {
        ""@type"": ""Person"",
        ""name"": ""Tamy Chapman"",
        ""description"": ""University of California Irvine Division of Continuing Education"",
        ""image"": ""https://d3njjcbhbojbot.cloudfront.net/api/utilities/v1/imageproxy/https://coursera-instructor-photos.s3.amazonaws.com/4d/c6d8303a2b11e5912c4326e10c3793/Screen-Shot-2015-08-03-at-3.01.02-PM.jpg""
      }
    }
  ]
}","Skills you'll gain
English Grammar
Punctuation
Grammar
Writing"
Supply Chain Logistics,Rutgers the State University of New Jersey,https://www.coursera.org/learn/supply-chain-logistics,supply-chain-logistics,https://d3njjcbhbojbot.cloudfront.net/api/utilities/v1/imageproxy/https://s3.amazonaws.com/coursera-course-photos/43/5d34e0550811e694d5e5eac843e959/background-21501-_1_.jpg?auto=format%2Ccompress&dpr=1&w=330&h=330&fit=fill&q=25,"['Rudolf Leuschner, Ph.D.']",Beginner level,Approx. 8 hours,"Skills you'll gain
Warehouse Management
Logistics Planning
Supply Chain
Inventory"
Nutrición y obesidad: control de sobrepeso,Universidad Nacional Autónoma de México,https://www.coursera.org/learn/nutricion-obesidad-sobrepeso,nutricion-obesidad-sobrepeso,https://d3njjcbhbojbot.cloudfront.net/api/utilities/v1/imageproxy/https://s3.amazonaws.com/coursera-course-photos/74/b34c91ff7e42c88ae807d84848f51c/NutricionObesidad_FINAL.jpg?auto=format%2Ccompress&dpr=1&w=330&h=330&fit=fill&q=25,['Juan Luis Carrillo Toscano'],Beginner level,Approx. 10 hours,"Skills you'll gain
Nutrition
Null Character
Diets
Physical Examination"
Design Thinking for Innovation,University of Virginia,https://www.coursera.org/learn/uva-darden-design-thinking-innovation,uva-darden-design-thinking-innovation,https://d3njjcbhbojbot.cloudfront.net/api/utilities/v1/imageproxy/https://s3.amazonaws.com/coursera-course-photos/fa/e15e80504811e6bcaf7158d37ab7ca/LightBulb.jpg?auto=format%2Ccompress&dpr=1&w=330&h=330&fit=fill&q=25,['Jeanne M. Liedtka'],Beginner level,Approx. 6 hours,"What you'll learn
What design thinking is and when to use it
How to prepare to see and take action when opportunity arises
How to use design thinking to generate innovative ideas
How to take the many ideas you generate and determine which ones are likely to produce specific, desired outcomes"
Learn to Program: The Fundamentals,University of Toronto,https://www.coursera.org/learn/learn-to-program,learn-to-program,https://d3njjcbhbojbot.cloudfront.net/api/utilities/v1/imageproxy/https://s3.amazonaws.com/coursera/topics/programming1/large-icon.png?auto=format%2Ccompress&dpr=1&w=330&h=330&fit=fill&q=25,"['Jennifer Campbell', 'Paul Gries']",Beginner level,Approx. 25 hours,"Skills you'll gain
Python Syntax And Semantics
Computer Programming
Python Programming
Idle (Python)"
Using Databases with Python,University of Michigan,https://www.coursera.org/learn/python-databases,python-databases,https://d3njjcbhbojbot.cloudfront.net/api/utilities/v1/imageproxy/https://s3.amazonaws.com/coursera-course-photos/9d/172890502911e5827cbbcae1b894c9/pythondatabases_thumbnail_1x1.png?auto=format%2Ccompress&dpr=1&w=330&h=330&fit=fill&q=25,['Charles Russell Severance'],Beginner level,13 hours (approximately),"What you'll learn
Use the Create, Read, Update, and Delete operations to manage databases
Explain the basics of Object Oriented Python
Understand how data is stored across multiple tables in a database
Utilize the Google Maps API to visualize data"
Introduction to Programming with MATLAB,Vanderbilt University,https://www.coursera.org/learn/matlab,matlab,https://d3njjcbhbojbot.cloudfront.net/api/utilities/v1/imageproxy/https://s3.amazonaws.com/coursera-course-photos/88/95d1ba5b2d48fab009356787a26dff/SquareLogo.png?auto=format%2Ccompress&dpr=1&w=330&h=330&fit=fill&q=25,"['Akos Ledeczi', 'Mike Fitzpatrick']",Beginner level,Approx. 35 hours,"What you'll learn
You will learn fundamental computer programming concepts such as variables, control structures, functions and many others.
You will learn about various data types and how to handle them in MATLAB.
You will learn the powerful support MATLAb provides for working with matrices.
You will learn about file input/output."
Preparing to Manage Human Resources,University of Minnesota,https://www.coursera.org/learn/managing-human-resources,managing-human-resources,https://d3njjcbhbojbot.cloudfront.net/api/utilities/v1/imageproxy/https://s3.amazonaws.com/coursera-course-photos/d6/8e59d08d3311e5a52f5f18e8b42513/IMG_3652-2-378.jpg?auto=format%2Ccompress&dpr=1&w=330&h=330&fit=fill&q=25,['John W. Budd'],Intermediate level,17 hours (approximately),"Skills you'll gain
Human Resources (HR)
Resource Management
Hr Strategy"

Front-End Web UI Frameworks and Tools: Bootstrap 4,The Hong Kong University of Science and Technology,https://www.coursera.org/learn/bootstrap-4,bootstrap-4,,,,,

Introduction to Data Analysis Using Excel,Rice University,https://www.coursera.org/learn/excel-data-analysis,excel-data-analysis,https://d3njjcbhbojbot.cloudfront.net/api/utilities/v1/imageproxy/https://s3.amazonaws.com/coursera-course-photos/60/d819005f0c11e6bc2b7945d34f43c3/ChartsGraphsTabletThumb.jpg?auto=format%2Ccompress&dpr=1&w=330&h=330&fit=fill&q=25,['Sharad Borle'],Intermediate level,24 hours to complete,"Skills you'll gain
Lookup Table
Data Analysis
Microsoft Excel
Pivot Table"
Mind Control: Managing Your Mental Health During COVID-19,University of Toronto,https://www.coursera.org/learn/manage-health-covid-19,manage-health-covid-19,https://d3njjcbhbojbot.cloudfront.net/api/utilities/v1/imageproxy/https://s3.amazonaws.com/coursera-course-photos/80/04611c67f44a71978a7316f80c245a/brain.jpg?auto=format%2Ccompress&dpr=1&w=330&h=330&fit=fill&q=25,['Steve Joordens'],Beginner level,2 hours to complete,"Details to know
Earn a career certificate
Add to your LinkedIn profile
Assessments
3 quizzes
Taught in English
22 languages available"
Teach English Now! Foundational Principles,Arizona State University,https://www.coursera.org/learn/english-principles,english-principles,https://d3njjcbhbojbot.cloudfront.net/api/utilities/v1/imageproxy/https://s3.amazonaws.com/coursera-course-photos/ed/7bd9f05bc511e58240cd9d0f03855d/Shane_Teaching-Course_Logo.jpg?auto=format%2Ccompress&dpr=1&w=330&h=330&fit=fill&q=25,"['Andrea MÃ¼rau Haraway', 'Dr. Justin Shewell', 'Dr. Shane Dixon', 'Emilia Gracia', 'Jessica Cinco']",Intermediate level,20 hours to complete,"What you'll learn
Understand ways to motivate and properly engage students
Maintain control of a classroom and avoid teacher burnout
Describe the distinction between learning and acquisition
Use technology to your advantage in the classroom"
Algorithmic Toolbox,University of California San Diego,https://www.coursera.org/learn/algorithmic-toolbox,algorithmic-toolbox,https://d3njjcbhbojbot.cloudfront.net/api/utilities/v1/imageproxy/https://s3.amazonaws.com/coursera-course-photos/fb/434400d9ac11e5afbfa359f34ae5f0/logo3.png?auto=format%2Ccompress&dpr=1&w=330&h=330&fit=fill&q=25,"['Alexander S. Kulikov', 'Daniel M Kane', 'Michael Levin', 'Neil Rhodes', 'Pavel  Pevzner']",Intermediate level,Approx. 40 hours,"What you'll learn
Essential algorithmic techniques
Design efficient algorithms
Practice solving algorithmic interview problems
Implement efficient and reliable solutions"
Gestión Empresarial Exitosa para Pymes,Pontificia Universidad Católica de Chile,https://www.coursera.org/learn/gestionempresarialpyme,gestionempresarialpyme,https://d3njjcbhbojbot.cloudfront.net/api/utilities/v1/imageproxy/https://s3.amazonaws.com/coursera-course-photos/a6/556fe0e22211e48475fd723ac1d58f/Imagen-Pyme-Coursera-14.jpg?auto=format%2Ccompress&dpr=1&w=330&h=330&fit=fill&q=25,"['AndrÃ©s IbÃ¡Ã±ez Tardel', 'Carlos Portales EcheverrÃ\xada', 'JosÃ© Rivera Izam', 'Julio GÃ¡lvez Boizard']",Intermediate level,8 hours to complete,"Skills you'll gain
Persona (User Experience)
Management
Finance
Marketing"
Fundamentos de Finanzas Empresariales,Universidad de los Andes,https://www.coursera.org/learn/finanzas-empresariales,finanzas-empresariales,https://d3njjcbhbojbot.cloudfront.net/api/utilities/v1/imageproxy/https://s3.amazonaws.com/coursera-course-photos/d9/a9abf04b3a11e58b48ad6604451c37/1.png?auto=format%2Ccompress&dpr=1&w=330&h=330&fit=fill&q=25,['DarÃ\xado Alejandro Fuentes'],Beginner level,Approx. 13 hours,"Skills you'll gain
Financial Management
Corporate Finance
Microsoft Excel
Finance"
Mindshift: Break Through Obstacles to Learning and Discover Your Hidden Potential,McMaster University,https://www.coursera.org/learn/mindshift,mindshift,https://d3njjcbhbojbot.cloudfront.net/api/utilities/v1/imageproxy/https://s3.amazonaws.com/coursera-course-photos/ea/1272c0d8fa11e68826f9115079a24e/MindShift_courseraLogo.png?auto=format%2Ccompress&dpr=1&w=330&h=330&fit=fill&q=25,"['Dr. Barbara Oakley', 'Dr. Terrence Sejnowski']",Beginner level,10 hours to complete,"Skills you'll gain
Learning To Learn
Lifelong Learning
Pomodoro Technique
Meta Learning"
Programming Fundamentals,Duke University,https://www.coursera.org/learn/programming-fundamentals,programming-fundamentals,https://d3njjcbhbojbot.cloudfront.net/api/utilities/v1/imageproxy/https://s3.amazonaws.com/coursera-course-photos/3f/63c230ac6b11e78079b5cde52a7a37/C1_square.jpg?auto=format%2Ccompress&dpr=1&w=330&h=330&fit=fill&q=25,"['Andrew D. Hilton', 'Anne Bracy', 'Genevieve M. Lipp']",Beginner level,Approx. 18 hours,"Skills you'll gain
Algorithms
Programming Language Concepts
Problem Solving
C Programming"
"Capstone: Retrieving, Processing, and Visualizing Data with Python",University of Michigan,https://www.coursera.org/learn/python-data-visualization,python-data-visualization,https://d3njjcbhbojbot.cloudfront.net/api/utilities/v1/imageproxy/https://s3.amazonaws.com/coursera-course-photos/05/0ce7f00f7d11e79768fb52f584cd0d/python4e_capstone_1x1.png?auto=format%2Ccompress&dpr=1&w=330&h=330&fit=fill&q=25,['Charles Russell Severance'],Beginner level,9 hours (approximately),"What you'll learn
Make use of unicode characters and strings
Understand the basics of building a search engine
Select and process the data of your choice
Create email data visualizations"
Functional Programming Principles in Scala,École Polytechnique Fédérale de Lausanne,https://www.coursera.org/learn/progfun1,progfun1,https://d3njjcbhbojbot.cloudfront.net/api/utilities/v1/imageproxy/https://s3.amazonaws.com/coursera-course-photos/ac/de656065de11e6a97931f833d2f4a7/ScalaIcon.png?auto=format%2Ccompress&dpr=1&w=330&h=330&fit=fill&q=25,['Martin Odersky'],Intermediate level,Approx. 56 hours,"What you'll learn
Understand the principles of functional programming
Write purely functional programs, using recursion, pattern matching, and higher-order functions
Design immutable data structures
Combine functional programming with objects and classes"
Introducción a Data Science: Programación Estadística con R,Universidad Nacional Autónoma de México,https://www.coursera.org/learn/intro-data-science-programacion-estadistica-r,intro-data-science-programacion-estadistica-r,https://d3njjcbhbojbot.cloudfront.net/api/utilities/v1/imageproxy/https://s3.amazonaws.com/coursera-course-photos/94/f9e087fa7f4ccfb35c6c1363761522/ProgramacionConR_FINAL.jpg?auto=format%2Ccompress&dpr=1&w=330&h=330&fit=fill&q=25,['Carlos Ernesto LÃ³pez NatarÃ©n'],Beginner level,46 hours to complete,"Skills you'll gain
Graphics
R Programming
Rstudio
Exploratory Data Analysis"
Introduction to Personal Branding,University of Virginia,https://www.coursera.org/learn/personal-branding,personal-branding,https://d3njjcbhbojbot.cloudfront.net/api/utilities/v1/imageproxy/https://s3.amazonaws.com/coursera-course-photos/de/3f4db077fd11e59280eb6dabeca4e6/Arch-Rock-pano.jpg?auto=format%2Ccompress&dpr=1&w=330&h=330&fit=fill&q=25,"['Kimberley  Barker, MLIS']",Beginner level,Approx. 6 hours,"Skills you'll gain
Personal Branding
Social Media
Management
Brand Management"
Finanzas personales,Universidad Nacional Autónoma de México,https://www.coursera.org/learn/finanzas-personales,finanzas-personales,https://d3njjcbhbojbot.cloudfront.net/api/utilities/v1/imageproxy/https://s3.amazonaws.com/coursera-course-photos/d3/bc870cf2164d5facb8114be96f9fb6/FinanzasPersonales_FINAL.jpg?auto=format%2Ccompress&dpr=1&w=330&h=330&fit=fill&q=25,['Norman Wolf del Valle'],Intermediate level,8 hours to complete,"Skills you'll gain
Personal Advertisement
Personal Finance
Budget
Credit"
Aprendiendo a aprender: Poderosas herramientas mentales con las que podrás dominar temas difíciles (Learning How to Learn),University of California San Diego,https://www.coursera.org/learn/aprendiendo-a-aprender,aprendiendo-a-aprender,https://d3njjcbhbojbot.cloudfront.net/api/utilities/v1/imageproxy/https://s3.amazonaws.com/coursera-course-photos/07/afaf4999d64f6e86c092608620f500/logo.png?auto=format%2Ccompress&dpr=1&w=330&h=330&fit=fill&q=25,"['Dr. Barbara Oakley', 'Dr. Terrence Sejnowski', 'M.Sc. Orlando Trejo']",Beginner level,19 hours to complete,"Skills you'll gain
Professional Development
Learning To Learn
Organizing (Management)
Pomodoro Technique
Meta Learning"
Introduction to CSS3,University of Michigan,https://www.coursera.org/learn/introcss,introcss,https://d3njjcbhbojbot.cloudfront.net/api/utilities/v1/imageproxy/https://s3.amazonaws.com/coursera-course-photos/83/e258e0532611e5a5072321239ff4d4/jhep-coursera-course4.png?auto=format%2Ccompress&dpr=1&w=330&h=330&fit=fill&q=25,"['Charles Russell Severance', 'Colleen van Lent, Ph.D.']",Beginner level,Approx. 16 hours,"What you'll learn
Understand the importance of the separation of content and style.
Write a simple CSS rule that can modify the colors and fonts on a web page.
Modify the appearance of the text on a page using width, line-height, and text transformation."
Introduction to Big Data,University of California San Diego,https://www.coursera.org/learn/big-data-introduction,big-data-introduction,https://d3njjcbhbojbot.cloudfront.net/api/utilities/v1/imageproxy/https://s3.amazonaws.com/coursera-course-photos/6c/8380704d0911e5ad1d830708963890/big-data-_2_.jpg?auto=format%2Ccompress&dpr=1&w=330&h=330&fit=fill&q=25,"['Amarnath Gupta', 'Ilkay Altintas']",Intermediate level,17 hours (approximately),"Skills you'll gain
Big Data
Apache Hadoop
Mapreduce
Cloudera"
Introduction to Game Development,Michigan State University,https://www.coursera.org/learn/game-development,game-development,https://d3njjcbhbojbot.cloudfront.net/api/utilities/v1/imageproxy/https://dade2fwib5xi6.cloudfront.net/pnThVCvURfu04VQr1AX7qA.processed/thumbnails/360p/1.jpg?auto=format%2Ccompress&dpr=1&w=330&h=330&fit=fill&q=25,['Brian Winn'],Beginner level,2 months at 10 hours a week,"What you'll learn
The ability to design and develop 2D games.
The ability to design and develop 3D games.
The game design and development process."
COVID-19: What You Need to Know (CME Eligible),Osmosis,https://www.coursera.org/learn/covid-19-what-you-need-to-know,covid-19-what-you-need-to-know,https://d3njjcbhbojbot.cloudfront.net/api/utilities/v1/imageproxy/https://s3.amazonaws.com/coursera-course-photos/bd/3391c018d84716adaa6f48b4eea99a/CDC-Image-COVID19-ID-23312.jpg?auto=format%2Ccompress&dpr=1&w=330&h=330&fit=fill&q=25,"['Rishi Desai, MD, MPH']",Beginner level,Approx. 3 hours,"What you'll learn
Recognize the symptoms, diagnosis, and treatment of COVID-19
Identify how COVID-19 has spread around the world
Apply into practice the public health measures we need to help mitigate the spread of COVID-19"
Machine Learning Foundations: A Case Study Approach,University of Washington,https://www.coursera.org/learn/ml-foundations,ml-foundations,https://d3njjcbhbojbot.cloudfront.net/api/utilities/v1/imageproxy/https://s3.amazonaws.com/coursera-course-photos/e4/3283d04d0111e5970145eef7ee0b59/gears-818461_1280.jpg?auto=format%2Ccompress&dpr=1&w=330&h=330&fit=fill&q=25,"['Carlos Guestrin', 'Emily Fox']",Intermediate level,18 hours (approximately),"Skills you'll gain
Python Programming
Machine Learning Concepts
Machine Learning
Deep Learning"
